code,name,regional_name,periphery_cluster,socio_cluster,socio_cluster_local,is_eligible
1126,אילות,חבל אילות,1,5,5,True
21,באר אורה,חבל אילות,1,5,5,True
2600,אילת,,1,6,,True
1248,אליפז,חבל אילות,1,5,5,True
1156,סמר,חבל אילות,1,5,5,True
866,יטבתה,חבל אילות,1,5,5,True
1266,שחרות,חבל אילות,1,5,5,True
1129,גרופית,חבל אילות,1,5,5,True
1052,קטורה,חבל אילות,1,5,5,True
1255,לוטן,חבל אילות,1,5,5,True
1158,יהל,חבל אילות,1,5,5,True
1279,נווה חריף,חבל אילות,1,,,True
1197,נאות סמדר,חבל אילות,1,5,5,True
1151,פארן,הערבה התיכונה,1,7,7,True
1262,צוקים,הערבה התיכונה,1,7,7,True
1150,צופר,הערבה התיכונה,1,7,7,True
1176,ספיר,הערבה התיכונה,2,7,7,True
806,עין יהב,הערבה התיכונה,2,7,7,True
13,חצבה,הערבה התיכונה,2,7,7,True
1175,עידן,הערבה התיכונה,2,7,7,True
328,עזוז,רמת נגב,2,,,True
4303,"נווה אטי""ב",גולן,2,6,6,True
4502,עין קנייא,,2,3,,True
1124,נאות הכיכר,תמר,2,7,7,True
4201,מג'דל שמס,,2,3,,True
99,מצפה רמון,,2,3,,True
1251,עין תמר,תמר,2,7,7,True
4010,אודם,גולן,2,6,6,True
4501,ע'ג'ר,,2,3,,True
4001,בוקעאתא,,2,3,,True
4203,מסעדה,,2,3,,True
4003,אל -רום,גולן,2,6,6,True
1280,ניצני סיני,רמת נגב,2,6,6,True
1278,באר מילכה,רמת נגב,2,6,6,True
1132,שניר,הגליל העליון,2,7,7,True
378,משגב עם,הגליל העליון,2,7,7,True
1195,ניצנה (קהילת חינוך),רמת נגב,2,6,6,True
1291,כמהין,רמת נגב,2,6,6,True
4101,מרום גולן,גולן,2,6,6,True
43,מטולה,,2,7,,True
843,מרגליות,מבואות החרמון,2,7,7,True
303,דן,הגליל העליון,2,7,7,True
347,מנרה,הגליל העליון,2,7,7,True
4017,אלוני הבשן,גולן,2,6,6,True
4009,שעל,גולן,2,6,6,True
416,מעיין ברוך,הגליל העליון,2,7,7,True
302,דפנה,הגליל העליון,2,7,7,True
4503,עין זיוון,גולן,2,6,6,True
356,הגושרים,הגליל העליון,2,7,7,True
324,שאר ישוב,מבואות החרמון,2,7,7,True
4013,אורטל,גולן,2,6,6,True
345,כפר סאלד,הגליל העליון,2,7,7,True
2009,יובל,מבואות החרמון,2,7,7,True
4024,קלע,גולן,2,6,6,True
366,שמיר,הגליל העליון,2,7,7,True
322,בית הלל,מבואות החרמון,2,7,7,True
4007,יונתן,גולן,2,6,6,True
329,שדה נחמיה,הגליל העליון,2,7,7,True
76,כפר גלעדי,הגליל העליון,2,7,7,True
4006,קשת,גולן,2,6,6,True
319,עמיר,הגליל העליון,2,7,7,True
408,נאות מרדכי,הגליל העליון,2,7,7,True
4014,נטור,גולן,2,6,6,True
357,כפר בלום,הגליל העליון,2,7,7,True
453,יפתח,הגליל העליון,2,7,7,True
4012,אניעם,גולן,2,6,6,True
380,להבות הבשן,הגליל העליון,2,7,7,True
852,גונן,הגליל העליון,2,7,7,True
1057,נווה זוהר,תמר,2,,,True
4025,קדמת צבי,גולן,2,6,6,True
2800,קריית שמונה,,2,5,,True
1140,מדרשת בן גוריון,רמת נגב,2,6,6,True
4100,קצרין,,2,5,,True
2063,דישון,מבואות החרמון,2,7,7,True
372,רמות נפתלי,מבואות החרמון,2,7,7,True
4005,חספין,גולן,2,6,6,True
4701,רמת מגשימים,גולן,2,6,6,True
596,מלכייה,הגליל העליון,2,7,7,True
4304,נוב,גולן,2,6,6,True
1340,מרחב עם,רמת נגב,2,6,6,True
4028,כנף,גולן,2,6,6,True
4011,אבני איתן,גולן,2,6,6,True
885,שדה בוקר,רמת נגב,2,6,6,True
4002,אלי-עד,גולן,2,6,6,True
4022,גשור,גולן,2,6,6,True
253,חולתה,הגליל העליון,2,7,7,True
1115,אביבים,מרום הגליל,2,5,5,True
4019,מיצר,גולן,2,6,6,True
4021,גבעת יואב,גולן,2,6,6,True
4015,בני יהודה,גולן,2,6,6,True
29,יסוד המעלה,,2,7,,True
4551,נאות גולן,גולן,2,6,6,True
1152,אשלים,רמת נגב,2,6,6,True
4008,מעלה גמלא,גולן,2,6,6,True
4301,אפיק,גולן,2,6,6,True
623,יראון,הגליל העליון,2,7,7,True
1260,רתמים,רמת נגב,2,6,6,True
861,שדה אליעזר,מבואות החרמון,2,7,7,True
1348,ביר הדאג',נווה מדבר,2,1,1,True
35,גדות,הגליל העליון,2,7,7,True
354,רביבים,רמת נגב,2,6,6,True
688,עלמה,מרום הגליל,2,5,5,True
4702,רמות,גולן,2,6,6,True
4026,חד-נס,גולן,2,6,6,True
1341,רוח מדבר,רמת נגב,,,,False
540,ריחאנייה,מרום הגליל,2,5,5,True
4004,כפר חרוב,גולן,2,6,6,True
77,איילת השחר,הגליל העליון,2,7,7,True
667,ברעם,הגליל העליון,2,7,7,True
1177,טללים,רמת נגב,3,6,6,True
2042,עין גדי,תמר,2,7,7,True
1067,"דוב""ב",מרום הגליל,2,5,5,True
732,משמר הירדן,מבואות החרמון,3,7,7,True
664,כרם בן זמרה,מרום הגליל,3,5,5,True
1363,בני נצרים,אשכול,2,6,6,True
4204,מבוא חמה,גולן,3,6,6,True
1285,כרכום,מבואות החרמון,3,7,7,True
1045,שתולה,מעלה יוסף,3,7,7,True
1212,עמוקה,מרום הגליל,3,5,5,True
962,טובא-זנגרייה,,3,3,,True
431,דלתון,מרום הגליל,3,5,5,True
831,ירוחם,,3,4,,True
443,כפר הנשיא,הגליל העליון,3,7,7,True
1364,שלומית,אשכול,3,6,6,True
421,משאבי שדה,רמת נגב,3,6,6,True
1130,כפר רוזנואלד (זרעית),מעלה יוסף,3,7,7,True
1125,אלמגור,עמק הירדן,3,7,7,True
1366,נווה,אשכול,3,6,6,True
1213,צבעון,הגליל העליון,3,7,7,True
1147,נטועה,מעלה יוסף,3,7,7,True
308,מחניים,הגליל העליון,3,7,7,True
1232,יבול,אשכול,3,6,6,True
1338,כדיתה,מרום הגליל,3,5,5,True
1347,קצר א-סר,נווה מדבר,3,1,1,True
1253,אמנון,מבואות החרמון,3,7,7,True
1220,אבירים,מעלה יוסף,3,7,7,True
1081,אבן מנחם,מעלה יוסף,3,7,7,True
1085,כרם שלום,אשכול,3,6,6,True
1230,לבנים,מרום הגליל,3,5,5,True
273,עין גב,עמק הירדן,3,7,7,True
2200,דימונה,,3,4,,True
1241,דקל,אשכול,3,6,6,True
374,חוקוק,עמק הירדן,3,7,7,True
2034,חצור הגלילית,,3,4,,True
614,שומרה,מעלה יוסף,3,7,7,True
1311,אבשלום,אשכול,3,6,6,True
578,סאסא,הגליל העליון,3,7,7,True
487,ג'ש (גוש חלב),,3,7,,True
8000,צפת,,3,2,,True
1261,הר עמשא,תמר,3,7,7,True
1191,בר יוחאי,מרום הגליל,3,5,5,True
1227,יתד,אשכול,3,6,6,True
1294,אור הגנוז,מרום הגליל,3,5,5,True
1237,תלמי יוסף,אשכול,3,6,6,True
1223,שדי אברהם,אשכול,3,6,6,True
1184,מתת,מעלה יוסף,3,7,7,True
609,כפר חושן,מרום הגליל,3,5,5,True
2560,ערד,,3,3,,True
1342,אבו קורינאת (יישוב),נווה מדבר,3,1,1,True
26,ראש פינה,,3,7,,True
1246,עראמשה,מטה אשר,3,7,7,True
535,פסוטה,,3,7,,True
1239,חולית,אשכול,3,6,6,True
3610,מצפה שלם,מגילות ים המלח,3,7,7,True
1219,גורנות הגליל,מעלה יוסף,3,7,7,True
1238,סופה,אשכול,3,6,6,True
730,אליפלט,מבואות החרמון,3,7,7,True
1252,כורזים,מבואות החרמון,3,7,7,True
1210,כחל,מבואות החרמון,3,7,7,True
1231,פרי גן,אשכול,3,6,6,True
368,בירייה,מרום הגליל,3,5,5,True
402,ניר יצחק,אשכול,3,6,6,True
1068,אדמית,מטה אשר,3,7,7,True
607,מירון,מרום הגליל,3,5,5,True
352,גבולות,אשכול,3,6,6,True
1192,ערערה-בנגב,,3,1,,True
48,מנחמיה,עמק המעיינות,3,6,6,True
385,עמיעד,הגליל העליון,3,7,7,True
755,גורן,מעלה יוסף,3,7,7,True
1349,דריג'את,אל קסום,3,1,1,True
413,צאלים,אשכול,3,6,6,True
603,אלקוש,מעלה יוסף,3,7,7,True
1051,תלמי אליהו,אשכול,3,6,6,True
702,האון,עמק הירדן,3,7,7,True
1058,שדה ניצן,אשכול,3,6,6,True
1367,כחלה,אל קסום,3,1,1,True
719,תל קציר,עמק הירדן,3,7,7,True
199,אשדות יעקב (איחוד),עמק הירדן,3,7,7,True
1046,אוהד,אשכול,3,6,6,True
1343,מכחול,אל קסום,3,1,1,True
294,אילון,מטה אשר,3,7,7,True
188,אשדות יעקב (מאוחד),עמק הירדן,3,7,7,True
1136,צוחר,אשכול,3,6,6,True
264,שער הגולן,עמק הירדן,3,7,7,True
305,גשר,עמק המעיינות,3,6,6,True
605,כפר שמאי,מרום הגליל,3,5,5,True
829,מבטחים,אשכול,3,6,6,True
318,עמיעוז,אשכול,3,6,6,True
3578,שדמות מחולה,ערבות הירדן,3,6,6,True
496,חורפיש,,3,5,,True
916,ישע,אשכול,3,6,6,True
268,טירת צבי,עמק המעיינות,3,6,6,True
263,מסדה,עמק הירדן,3,7,7,True
262,גינוסר,עמק הירדן,3,7,7,True
295,כפר רופין,עמק המעיינות,3,6,6,True
280,חניתה,מטה אשר,3,7,7,True
176,אפיקים,עמק הירדן,3,7,7,True
3745,מצדות יהודה,הר חברון,3,5,5,True
590,נווה אור,עמק המעיינות,3,6,6,True
143,בית זרע,עמק הירדן,3,7,7,True
1064,אמירים,מרום הגליל,3,5,5,True
2026,ירדנה,עמק המעיינות,3,6,6,True
304,שדה אליהו,עמק המעיינות,3,6,6,True
1059,כסיפה,,3,1,,True
678,מעגן,עמק הירדן,3,7,7,True
786,כפר זיתים,הגליל התחתון,3,7,7,True
993,חמאם,אל - בטוף,3,2,2,True
1154,מלכישוע,עמק המעיינות,3,,,True
3599,מחולה,ערבות הירדן,3,6,6,True
846,שפר,מרום הגליל,3,5,5,True
795,יערה,מעלה יוסף,3,7,7,True
3756,סוסיה,הר חברון,3,5,5,True
1375,אבו תלול,נווה מדבר,3,1,1,True
265,בית יוסף,עמק המעיינות,3,6,6,True
79,דגניה ב',עמק הירדן,3,7,7,True
546,עין אל-אסד,מרום הגליל,3,5,5,True
57,כנרת (קבוצה),עמק הירדן,3,7,7,True
3782,רותם,ערבות הירדן,3,6,6,True
2016,רוויה,עמק המעיינות,3,6,6,True
1240,עין הבשור,אשכול,3,6,6,True
65,מגדל,,3,5,,True
2057,שדי תרומות,עמק המעיינות,3,6,6,True
1283,תל תאומים,עמק המעיינות,3,6,6,True
1208,הילה,מעלה יוסף,3,7,7,True
69,ניר עוז,אשכול,3,6,6,True
701,ארבל,הגליל התחתון,3,7,7,True
62,דגניה א',עמק הירדן,3,7,7,True
1211,קדרים,הגליל העליון,3,7,7,True
272,מעוז חיים,עמק המעיינות,3,6,6,True
599,פרוד,מרום הגליל,3,5,5,True
695,מגן,אשכול,3,6,6,True
774,צוריאל,מעלה יוסף,3,7,7,True
307,הזורעים,הגליל התחתון,3,7,7,True
3785,משכיות,ערבות הירדן,3,6,6,True
480,בית ג'ן,,3,4,,True
1282,מירב,עמק המעיינות,3,6,6,True
281,פקיעין חדשה,מעלה יוסף,3,7,7,True
3646,חמדת,ערבות הירדן,3,6,6,True
1209,חרשים,משגב,3,7,7,True
602,נירים,אשכול,3,6,6,True
3748,עתניאל,הר חברון,3,5,5,True
3786,אבנת,מגילות ים המלח,3,7,7,True
854,רחוב,עמק המעיינות,3,6,6,True
3657,מעון,הר חברון,3,5,5,True
409,יחיעם,מטה אשר,3,7,7,True
63,כנרת (מושבה),עמק הירדן,3,7,7,True
1272,חלוץ,משגב,3,7,7,True
3784,שמעה,הר חברון,3,5,5,True
1205,מנות,מעלה יוסף,3,7,7,True
840,כיסופים,אשכול,3,6,6,True
676,עין השלושה,אשכול,3,6,6,True
1105,פורייה - נווה עובד,עמק הירדן,3,7,7,True
892,עבדון,מעלה יוסף,3,7,7,True
330,אלומות,עמק הירדן,3,7,7,True
579,כפר ראש הנקרה,מטה אשר,3,7,7,True
812,שלומי,,3,6,,True
536,פקיעין (בוקייעה),,3,5,,True
1201,כמון,משגב,3,7,7,True
1225,רביד,עמק הירדן,3,7,7,True
1360,סעוה,אל קסום,3,1,1,True
403,אורים,אשכול,3,6,6,True
1163,מורן,משגב,3,7,7,True
296,נווה איתן,עמק המעיינות,3,6,6,True
3743,טנא,הר חברון,3,5,5,True
3656,כרמל,הר חברון,3,5,5,True
255,כפר חיטים,הגליל התחתון,3,7,7,True
383,"עין הנצי""ב",עמק המעיינות,3,6,6,True
439,שלוחות,עמק המעיינות,3,6,6,True
3598,ארגמן,ערבות הירדן,3,6,6,True
463,געתון,מטה אשר,3,7,7,True
813,עין יעקב,מעלה יוסף,3,7,7,True
1313,פורייה עילית,עמק הירדן,3,7,7,True
662,חוסן,מעלה יוסף,3,7,7,True
343,חמדיה,עמק המעיינות,3,6,6,True
3619,רועי,ערבות הירדן,3,6,6,True
325,מצובה,מטה אשר,3,7,7,True
589,בצת,מטה אשר,3,7,7,True
1202,מכמנים,משגב,3,7,7,True
1104,פורייה - כפר עבודה,עמק הירדן,3,7,7,True
518,מעיליא,,3,7,,True
1331,כמאנה,משגב,3,7,7,True
437,רשפים,עמק המעיינות,3,6,6,True
1297,כפר חנניה,מרום הגליל,3,5,5,True
1047,חזון,מרום הגליל,3,5,5,True
749,פטיש,מרחבים,3,6,6,True
1127,מעלה גלבוע,עמק המעיינות,3,6,6,True
1296,כסרא-סמיע,,3,3,,True
674,לימן,מטה אשר,3,7,7,True
1314,נווה זיו,מעלה יוסף,3,7,7,True
46,יבנאל,,3,2,,True
396,נבטים,בני שמעון,3,7,7,True
3612,בקעות,ערבות הירדן,3,6,6,True
1229,כלנית,מרום הגליל,3,5,5,True
1258,מסד,הגליל התחתון,3,7,7,True
570,מעונה,מעלה יוסף,3,7,7,True
3601,קליה,מגילות ים המלח,3,7,7,True
3713,"נעמ""ה",ערבות הירדן,3,6,6,True
1063,מעלות-תרשיחא,,3,5,,True
298,מסילות,עמק המעיינות,3,6,6,True
9200,בית שאן,,3,4,,True
259,שדה נחום,עמק המעיינות,3,6,6,True
256,ניר דוד (תל עמל),עמק המעיינות,3,6,6,True
3723,פני חבר,הר חברון,3,5,5,True
497,טייבה (בעמק),הגלבוע,3,5,5,True
1263,כפר ורדים,,3,9,,True
3764,חגי,הר חברון,3,5,5,True
457,גזית,עמק יזרעאל,3,8,8,True
3609,חמרה,ערבות הירדן,3,6,6,True
1207,לבון,משגב,3,7,7,True
713,רעים,אשכול,3,6,6,True
1214,טפחות,מרום הגליל,3,5,5,True
3605,משואה,ערבות הירדן,3,6,6,True
292,שרונה,הגליל התחתון,3,7,7,True
574,גשר הזיו,מטה אשר,3,7,7,True
95,בית אלפא,הגלבוע,3,5,5,True
1286,שגב-שלום,,3,1,,True
1203,הררית,משגב,3,7,7,True
90,חפצי-בה,הגלבוע,3,5,5,True
525,סאג'ור,,3,4,,True
789,רנן,מרחבים,3,6,6,True
482,בועיינה-נוג'ידאת,,3,3,,True
748,מסלול,מרחבים,3,6,6,True
1295,יאנוח-ג'ת,,3,4,,True
269,מולדת,הגלבוע,3,5,5,True
6700,טבריה,,3,3,,True
3620,נערן,ערבות הירדן,3,,,True
1334,ראס אל-עין,משגב,3,7,7,True
1173,לפידות,מעלה יוסף,3,7,7,True
1206,גיתה,מעלה יוסף,3,7,7,True
1245,סלמה,משגב,3,7,7,True
1268,מיתר,,3,9,,True
242,בית השיטה,הגלבוע,3,5,5,True
3722,אשכולות,הר חברון,3,5,5,True
3555,נתיב הגדוד,ערבות הירדן,3,6,6,True
481,מגאר,,3,3,,True
1198,כרמים,בני שמעון,3,7,7,True
397,חצרים,בני שמעון,3,7,7,True
1190,מצפה נטופה,הגליל התחתון,3,7,7,True
2047,ניר משה,מרחבים,3,6,6,True
1171,לוטם,משגב,3,7,7,True
1185,פלך,משגב,3,7,7,True
3606,גלגל,ערבות הירדן,3,6,6,True
339,רמת צבי,הגלבוע,3,5,5,True
543,ראמה,,3,5,,True
585,לביא,הגליל התחתון,3,7,7,True
3607,"ייט""ב",ערבות הירדן,3,6,6,True
1359,אל סייד,אל קסום,3,1,1,True
1265,שומרייה,בני שמעון,3,7,7,True
1143,נס עמים,מטה אשר,3,7,7,True
1183,כליל,מטה אשר,3,7,7,True
1303,חורה,,3,1,,True
3777,סנסנה,הר חברון,3,5,5,True
792,נתיב השיירה,מטה אשר,3,7,7,True
3558,תומר,ערבות הירדן,3,6,6,True
399,בארי,אשכול,3,6,6,True
1322,הודיות,הגליל התחתון,3,7,7,True
2048,ניר עקיבא,מרחבים,3,6,6,True
1293,גבעת אבני,הגליל התחתון,3,7,7,True
1180,צביה,משגב,3,7,7,True
576,כברי,מטה אשר,3,7,7,True
415,שוקדה,שדות נגב,3,6,6,True
512,כפר מצר,בוסתן אל -מרג',3,3,3,True
3566,יפית,ערבות הירדן,3,6,6,True
508,כפר כמא,,3,6,,True
388,כפר קיש,הגליל התחתון,3,7,7,True
527,שזור,מרום הגליל,3,5,5,True
1162,בית רימון,הגליל התחתון,3,7,7,True
436,עין דור,עמק יזרעאל,3,8,8,True
3724,נגוהות,הר חברון,3,5,5,True
3754,אספר,גוש עציון,3,6,6,True
3614,מכורה,ערבות הירדן,3,6,6,True
530,עיילבון,,3,5,,True
1377,שבי דרום,מרחבים,,6,6,False
58,מצפה,הגליל התחתון,3,7,7,True
524,נאעורה,הגלבוע,3,5,5,True
1358,אום בטין,אל קסום,3,1,1,True
3611,קריית ארבע,,3,3,,True
365,בית קשת,הגליל התחתון,3,7,7,True
2023,להב,בני שמעון,3,7,7,True
3615,פצאל,ערבות הירדן,3,6,6,True
31,אופקים,,3,3,,True
1188,אשחר,משגב,3,7,7,True
1335,ערב אל נעים,משגב,3,7,7,True
1332,חוסנייה,משגב,3,7,7,True
1095,כפר מימון,שדות נגב,3,6,6,True
2064,זרועה,שדות נגב,3,6,6,True
1275,אבטליון,משגב,3,7,7,True
1083,תושייה,שדות נגב,3,6,6,True
1221,צורית,משגב,3,7,7,True
414,קלחים,מרחבים,3,6,6,True
658,שייח' דנון,מטה אשר,3,7,7,True
1060,לקיה,,3,2,,True
84,תל יוסף,הגלבוע,3,5,5,True
528,עוזייר,אל - בטוף,4,2,2,True
2062,תאשור,בני שמעון,3,7,7,True
750,פדויים,מרחבים,3,6,6,True
844,נחל עוז,שער הנגב,3,7,7,True
1346,תרבין א-צאנע (יישוב),אל קסום,3,1,1,True
635,מוקייבלה,הגלבוע,3,5,5,True
709,תפרח,מרחבים,3,6,6,True
71,אשבול,מרחבים,3,6,6,True
82,עין חרוד (מאוחד),הגלבוע,3,5,5,True
1054,תל שבע,,3,1,,True
721,שדה אילן,הגליל התחתון,3,7,7,True
492,דייר חנא,,3,4,,True
1369,נטע,לכיש,3,7,7,True
2060,ברוש,בני שמעון,3,7,7,True
522,נחף,,3,3,,True
1172,תובל,משגב,3,7,7,True
762,בטחה,מרחבים,3,6,6,True
89,עין חרוד (איחוד),הגלבוע,3,5,5,True
371,כדורי,הגליל התחתון,3,7,7,True
1080,מבועים,מרחבים,3,6,6,True
306,שדמות דבורה,הגליל התחתון,3,7,7,True
1146,עלומים,שדות נגב,3,6,6,True
736,גילת,מרחבים,3,6,6,True
2059,"פעמי תש""ז",מרחבים,3,6,6,True
708,עמקה,מטה אשר,3,7,7,True
547,טמרה (יזרעאל),הגלבוע,3,5,5,True
2050,"תלמי ביל""ו",מרחבים,3,6,6,True
833,נורית,הגלבוע,,5,5,True
2021,אשל הנשיא,מרחבים,3,6,6,True
1204,גילון,משגב,3,7,7,True
85,כפר יחזקאל,הגלבוע,3,5,5,True
442,גדעונה,הגלבוע,3,5,5,True
2061,תדהר,בני שמעון,3,7,7,True
49,אילנייה,הגליל התחתון,4,7,7,True
86,גבע,הגלבוע,3,5,5,True
3579,אלון מורה,שומרון,3,6,6,True
849,דבירה,בני שמעון,3,7,7,True
1344,גבעות בר,בני שמעון,3,7,7,True
1235,שורשים,משגב,3,7,7,True
1155,מגן שאול,הגלבוע,3,5,5,True
454,סער,מטה אשר,3,7,7,True
3719,תלם,הר חברון,3,5,5,True
3645,בית הערבה,מגילות ים המלח,3,7,7,True
1174,מנוף,משגב,3,7,7,True
1274,גן נר,הגלבוע,4,5,5,True
572,בית העמק,מטה אשר,4,7,7,True
1153,כישור,משגב,3,,,True
1065,זמרת,שדות נגב,3,6,6,True
1226,יובלים,משגב,4,7,7,True
3639,ורד יריחו,מגילות ים המלח,3,7,7,True
3759,אדורה,הר חברון,3,5,5,True
362,רוחמה,שער הנגב,3,7,7,True
3556,אלמוג,מגילות ים המלח,4,7,7,True
395,משמר הנגב,בני שמעון,4,7,7,True
665,תקומה,שדות נגב,3,6,6,True
539,רומאנה,אל - בטוף,4,2,2,True
1256,אשרת,מטה אשר,3,7,7,True
538,שעב,,3,3,,True
761,שובה,שדות נגב,3,6,6,True
47,כפר תבור,,4,8,,True
3653,מעלה עמוס,גוש עציון,4,6,6,True
2049,שדה צבי,מרחבים,4,6,6,True
636,צנדלה,הגלבוע,4,5,5,True
1368,בני דקלים,לכיש,4,7,7,True
666,עומר,,4,9,,True
3608,מעלה אפרים,,4,3,,True
498,טורעאן,,4,3,,True
845,כפר עזה,שער הנגב,4,7,7,True
1233,שקף,לכיש,4,7,7,True
1112,יודפת,משגב,4,7,7,True
1179,קורנית,משגב,4,7,7,True
2044,מלילות,שדות נגב,3,6,6,True
1138,יעד,משגב,4,7,7,True
1271,להבים,,4,9,,True
1160,שכניה,משגב,4,7,7,True
1069,רם-און,הגלבוע,4,5,5,True
132,כפר ברוך,עמק יזרעאל,4,8,8,True
1365,אליאב,לכיש,4,7,7,True
419,סעד,שדות נגב,4,6,6,True
913,שבלי - אום אל-גנם,,4,3,,True
997,רומת הייב,אל - בטוף,4,2,2,True
917,עצמון שגב,משגב,4,7,7,True
531,עראבה,,4,3,,True
3569,מבוא דותן,שומרון,4,6,6,True
3613,גיתית,ערבות הירדן,4,6,6,True
712,בן עמי,מטה אשר,4,7,7,True
2014,גבעולים,שדות נגב,4,6,6,True
502,ירכא,,4,3,,True
113,אדירים,הגלבוע,4,5,5,True
2054,מיטב,הגלבוע,4,5,5,True
1186,הושעיה,עמק יזרעאל,4,8,8,True
1276,אשבל,משגב,4,7,7,True
2053,פרזון,הגלבוע,4,5,5,True
369,גלעד (אבן יצחק),מגידו,4,7,7,True
865,שיבולים,שדות נגב,4,6,6,True
3564,כוכב השחר,מטה בנימין,4,5,5,True
803,יושיביה,שדות נגב,4,6,6,True
9100,נהרייה,,4,6,,True
141,ברק,הגלבוע,4,5,5,True
1374,כרמי קטיף,לכיש,,7,7,False
146,דבורה,הגלבוע,4,5,5,True
1082,מעגלים,שדות נגב,4,6,6,True
489,דבורייה,,4,4,,True
23,אמציה,לכיש,4,7,7,True
282,שבי ציון,מטה אשר,4,7,7,True
1181,טל-אל,משגב,4,7,7,True
1228,רקפת,משגב,4,7,7,True
336,דורות,שער הנגב,4,7,7,True
1110,חבר,הגלבוע,4,5,5,True
1330,אחוזת ברק,עמק יזרעאל,4,8,8,True
1139,כרמיאל,,4,5,,True
485,ג'ולס,,4,5,,True
246,נתיבות,,4,3,,True
598,בית קמה,בני שמעון,4,7,7,True
3766,כרמי צור,גוש עציון,4,6,6,True
3565,רימונים,מטה בנימין,4,5,5,True
7500,סח'נין,,4,4,,True
452,יזרעאל,הגלבוע,4,5,5,True
398,שרשרת,שדות נגב,4,6,6,True
811,יכיני,שער הנגב,4,7,7,True
668,מפלסים,שער הנגב,4,7,7,True
390,רגבה,מטה אשר,4,7,7,True
2052,אביטל,הגלבוע,4,5,5,True
595,לוחמי הגיטאות,מטה אשר,4,7,7,True
505,כאוכב אבו אל-היג'א,,4,5,,True
475,דחי,בוסתן אל -מרג',4,3,3,True
523,ניין,בוסתן אל -מרג',4,3,3,True
3717,חרמש,שומרון,4,6,6,True
1337,שמשית,עמק יזרעאל,4,8,8,True
559,בוסתן הגליל,מטה אשר,4,7,7,True
3824,עמיחי,מטה בנימין,,5,5,True
432,שמרת,מטה אשר,4,7,7,True
407,דברת,עמק יזרעאל,4,8,8,True
1178,מורשת,משגב,4,7,7,True
516,מג'ד אל-כרום,,4,3,,True
1288,גבעת אלה,עמק יזרעאל,4,8,8,True
1222,"מצפה אבי""ב",משגב,4,7,7,True
490,דייר אל-אסד,,4,4,,True
1317,דמיידה,משגב,4,7,7,True
723,בית הגדי,שדות נגב,4,6,6,True
517,מזרעה,,4,4,,True
1320,עין חוד,חוף הכרמל,4,8,8,True
473,אבו סנאן,,4,3,,True
192,כפר החורש,עמק יזרעאל,4,8,8,True
526,סולם,בוסתן אל -מרג',4,3,3,True
145,גדיש,הגלבוע,4,5,5,True
312,נווה ים,חוף הכרמל,4,8,8,True
164,מלאה,הגלבוע,4,5,5,True
1284,נופית,זבולון,4,5,5,True
510,כפר מנדא,,4,2,,True
3751,מגדלים,שומרון,4,6,6,True
3762,איתמר,שומרון,4,6,6,True
613,ציפורי,עמק יזרעאל,4,8,8,True
424,גבים,שער הנגב,4,7,7,True
3710,ברכה,שומרון,4,6,6,True
3574,בית אל,,4,4,,True
990,ראס עלי,זבולון,4,5,5,True
1108,אומן,הגלבוע,4,5,5,True
430,בית לחם הגלילית,עמק יזרעאל,4,8,8,True
814,תלמים,לכיש,4,7,7,True
445,רמות מנשה,מגידו,4,7,7,True
394,שובל,בני שמעון,4,7,7,True
1325,כפר זוהרים,מטה יהודה,4,7,7,True
67,אור הנר,שער הנגב,4,7,7,True
1292,ג'דיידה-מכר,,4,3,,True
575,יסעור,מטה אשר,4,7,7,True
1257,חנתון,עמק יזרעאל,4,8,8,True
300,דלייה,מגידו,4,7,7,True
3641,שילה,מטה בנימין,4,5,5,True
3726,נוקדים,גוש עציון,4,6,6,True
36,שדה דוד,לכיש,4,7,7,True
165,ניר יפה,הגלבוע,4,5,5,True
820,חלץ,חוף אשקלון,4,7,7,True
684,היוגב,עמק יזרעאל,4,8,8,True
785,אחיהוד,מטה אשר,4,7,7,True
942,סואעד (חמרייה),עמק יזרעאל,5,8,8,True
428,ברור חיל,שער הנגב,4,7,7,True
376,עברון,מטה אשר,4,7,7,True
532,עין מאהל,,4,3,,True
348,ניר עם,שער הנגב,4,7,7,True
3563,תקוע,גוש עציון,4,6,6,True
134,יפעת,עמק יזרעאל,4,8,8,True
1161,רהט,,4,2,,True
1244,תמרת,עמק יזרעאל,4,8,8,True
1031,שדרות,,4,5,,True
16,בית ניר,יואב,4,8,8,True
478,אכסאל,,4,3,,True
53,עתלית,חוף הכרמל,4,8,8,True
135,רמת דוד,עמק יזרעאל,4,8,8,True
483,בענה,,4,3,,True
52,לוזית,מטה יהודה,4,7,7,True
507,כפר יאסיף,,4,5,,True
998,ביר אל-מכסור,,4,2,,True
133,גבת,עמק יזרעאל,4,8,8,True
1242,נתיב העשרה,חוף אשקלון,4,7,7,True
714,ארז,שער הנגב,4,7,7,True
3752,מעלה לבונה,מטה בנימין,4,5,5,True
619,בית גוברין,יואב,4,8,8,True
270,עין השופט,מגידו,4,7,7,True
1249,הרדוף,עמק יזרעאל,4,8,8,True
504,כאבול,,4,3,,True
3651,מעלה מכמש,מטה בנימין,4,5,5,True
24,לכיש,לכיש,4,7,7,True
3749,יצהר,שומרון,4,6,6,True
429,אלוני אבא,עמק יזרעאל,4,8,8,True
97,מרחביה (מושב),עמק יזרעאל,4,8,8,True
580,"כרם מהר""ל",חוף הכרמל,4,8,8,True
59,נחושה,מטה יהודה,4,7,7,True
769,ניר עציון,חוף הכרמל,4,8,8,True
3643,חיננית,שומרון,4,6,6,True
342,גברעם,חוף אשקלון,4,7,7,True
317,בית אורן,חוף הכרמל,4,8,8,True
3765,עלי,מטה בנימין,4,5,5,True
335,רמת השופט,מגידו,4,7,7,True
3576,מצפה יריחו,מטה בנימין,4,5,5,True
126,שריד,עמק יזרעאל,4,8,8,True
44,זוהר,לכיש,4,7,7,True
3649,שקד,שומרון,4,6,6,True
7,שחר,לכיש,4,7,7,True
338,איבים,שער הנגב,4,7,7,True
978,כעביה-טבאש-חג'אג'רה,,4,3,,True
1321,ח'ואלד,זבולון,5,5,5,True
104,מזרע,עמק יזרעאל,4,8,8,True
1182,אלון הגליל,עמק יזרעאל,4,8,8,True
810,עופר,חוף הכרמל,4,8,8,True
130,משמר העמק,מגידו,4,7,7,True
2029,מדרך עוז,מגידו,4,7,7,True
675,הבונים,חוף הכרמל,4,8,8,True
494,דאלית אל-כרמל,,4,5,,True
3659,פסגות,מטה בנימין,4,5,5,True
773,עמיקם,אלונה,5,8,8,True
92,גיניגר,עמק יזרעאל,4,8,8,True
975,זרזיר,,4,3,,True
74,עין הוד,חוף הכרמל,4,8,8,True
534,עספיא,,4,5,,True
677,הסוללים,עמק יזרעאל,4,8,8,True
3568,ריחן,שומרון,4,6,6,True
289,עין המפרץ,מטה אשר,4,7,7,True
80,נהלל,עמק יזרעאל,4,8,8,True
584,זיקים,חוף אשקלון,4,7,7,True
11,"ניר ח""ן",לכיש,4,7,7,True
586,מגידו,מגידו,4,7,7,True
768,כרמייה,חוף אשקלון,4,7,7,True
297,כפר מסריק,מטה אשר,4,7,7,True
7600,עכו,,4,4,,True
944,בסמת טבעון,,4,3,,True
509,כפר כנא,,4,3,,True
821,אחוזם,לכיש,4,7,7,True
103,תל עדשים,עמק יזרעאל,4,8,8,True
360,"גבעת ניל""י",אלונה,5,8,8,True
15,נועם,שפיר,4,5,5,True
393,גלאון,יואב,5,8,8,True
3794,בת עין,גוש עציון,4,6,6,True
689,מגדים,חוף הכרמל,4,8,8,True
3602,ראש צורים,גוש עציון,4,6,6,True
426,עין כרמל,חוף הכרמל,4,8,8,True
3617,עפרה,מטה בנימין,4,5,5,True
140,כפר יהושע,עמק יזרעאל,4,8,8,True
66,מרחביה (קיבוץ),עמק יזרעאל,4,8,8,True
8900,טמרה,,4,3,,True
37,איתן,שפיר,4,5,5,True
212,בית צבי,חוף הכרמל,4,8,8,True
358,יד מרדכי,חוף אשקלון,4,7,7,True
703,גבעת עוז,מגידו,4,7,7,True
794,עגור,מטה יהודה,4,7,7,True
3638,כפר אדומים,מטה בנימין,4,5,5,True
873,שלווה,שפיר,4,5,5,True
248,בית שערים,עמק יזרעאל,4,8,8,True
250,הזורע,מגידו,4,7,7,True
612,צרופה,חוף הכרמל,5,8,8,True
994,מנשית זבדה,עמק יזרעאל,5,8,8,True
683,גבע כרמל,חוף הכרמל,5,8,8,True
3571,שבי שומרון,שומרון,4,6,6,True
309,נהורה,לכיש,4,7,7,True
122,רמת ישי,,5,8,,True
433,נחשולים,חוף הכרמל,5,8,8,True
94,בלפוריה,עמק יזרעאל,5,8,8,True
3488,כפר עציון,גוש עציון,4,6,6,True
106,כפר גדעון,עמק יזרעאל,5,8,8,True
1316,אל -עריאן,מנשה,5,7,7,True
3561,מגדל עוז,גוש עציון,4,6,6,True
738,דור,חוף הכרמל,5,8,8,True
400,אבן שמואל,שפיר,4,5,5,True
744,תלמי יפה,חוף אשקלון,4,7,7,True
1079,צפרירים,מטה יהודה,4,7,7,True
1199,עדי,עמק יזרעאל,5,8,8,True
511,עילוט,,5,2,,True
874,מגדל העמק,,5,4,,True
3572,כפר תפוח,שומרון,5,6,6,True
652,אבטין,זבולון,5,5,5,True
3604,אלון שבות,גוש עציון,5,6,6,True
367,עין העמק,מגידו,5,7,7,True
18,שדה משה,לכיש,5,7,7,True
3767,נחליאל,מטה בנימין,5,5,5,True
687,עין איילה,חוף הכרמל,5,8,8,True
3822,רחלים,שומרון,5,6,6,True
444,רגבים,מנשה,5,7,7,True
55,נוגה,לכיש,5,7,7,True
890,כפר הנוער הדתי,זבולון,5,5,5,True
313,אפק,מטה אשר,5,7,7,True
32,עוצם,לכיש,5,7,7,True
285,אלונים,עמק יזרעאל,5,8,8,True
3725,נווה דניאל,גוש עציון,5,6,6,True
679,אביאל,אלונה,5,8,8,True
33,בת שלמה,חוף הכרמל,5,8,8,True
434,החותרים,חוף הכרמל,5,8,8,True
1123,אדרת,מטה יהודה,5,7,7,True
520,משהד,,5,3,,True
310,כפר גליקסון,מנשה,5,7,7,True
3747,דולב,מטה בנימין,5,5,5,True
1243,קציר,מנשה,5,7,7,True
3618,אלעזר,גוש עציון,5,6,6,True
919,גבעת ישעיהו,מטה יהודה,5,7,7,True
868,אלוני יצחק,מנשה,5,7,7,True
2100,טירת כרמל,,5,6,,True
241,יקנעם (מושבה),מגידו,5,7,7,True
7700,עפולה,,5,5,,True
142,שדה יעקב,עמק יזרעאל,5,8,8,True
240,יקנעם עילית,,5,7,,True
3781,קדר,גוש עציון,5,6,6,True
529,אעבלין,,5,3,,True
1114,שריגים (לי-און),מטה יהודה,5,7,7,True
682,אליקים,מגידו,5,7,7,True
3650,אפרת,,5,7,,True
340,גת (קיבוץ),יואב,5,8,8,True
775,יד נתן,לכיש,5,7,7,True
824,כוכב מיכאל,חוף אשקלון,5,7,7,True
3660,עמנואל,,5,2,,True
3788,טלמון,מטה בנימין,5,5,5,True
353,בית זיד,עמק יזרעאל,5,,,True
3779,כוכב יעקב,מטה בנימין,5,5,5,True
3603,הר גילה,גוש עציון,5,6,6,True
1370,מצפה אילן,מנשה,5,7,7,True
706,גיאה,חוף אשקלון,5,7,7,True
922,רכסים,,5,2,,True
766,קוממיות,שפיר,5,5,5,True
3658,עטרת,מטה בנימין,5,5,5,True
3790,נופים,שומרון,5,6,6,True
2300,קריית טבעון,,5,8,,True
573,מבקיעים,חוף אשקלון,5,7,7,True
1128,מי עמי,מנשה,5,7,7,True
427,כפר גלים,חוף הכרמל,5,8,8,True
112,כפר חסידים א',זבולון,5,5,5,True
102,מאיר שפיה,חוף הכרמל,5,8,8,True
3712,ענב,שומרון,5,6,6,True
237,שער העמקים,זבולון,5,5,5,True
826,עוזה,שפיר,5,5,5,True
882,אורנים,זבולון,5,,,True
694,מעגן מיכאל,חוף הכרמל,5,8,8,True
2045,נחלה,יואב,5,8,8,True
178,רמת יוחנן,זבולון,5,5,5,True
96,יגור,זבולון,5,5,5,True
3647,יקיר,שומרון,5,6,6,True
3557,קדומים,,5,5,,True
747,בית שקמה,חוף אשקלון,5,7,7,True
1061,נוף הגליל,,5,5,,True
2051,רווחה,שפיר,5,5,5,True
499,יפיע,,5,3,,True
1327,מעלה עירון,,5,3,,True
293,שדה יואב,יואב,5,8,8,True
693,"נתיב הל""ה",מטה יהודה,5,7,7,True
27,שדות מיכה,מטה יהודה,5,7,7,True
1145,אלומה,שפיר,5,5,5,True
8800,שפרעם,,5,3,,True
1070,אביעזר,מטה יהודה,5,7,7,True
537,פוריידיס,,5,3,,True
315,נגבה,יואב,5,8,8,True
1326,"בסמ""ה",,5,3,,True
889,כפר חסידים ב',זבולון,5,5,5,True
2030,מנוחה,לכיש,5,7,7,True
822,מטע,מטה יהודה,5,7,7,True
815,זבדיאל,שפיר,5,5,5,True
9000,באר שבע,,5,5,,True
2046,סגולה,יואב,5,8,8,True
1071,נווה מיכאל,מטה יהודה,5,7,7,True
2710,אום אל-פחם,,5,2,,True
1113,צור הדסה,מטה יהודה,5,7,7,True
2024,אום אל-קוטוף,מנשה,5,7,7,True
254,כפר המכבי,זבולון,5,5,5,True
2630,קריית גת,,5,4,,True
10,תירוש,מטה יהודה,5,7,7,True
1133,ורדון,יואב,5,8,8,True
1247,חריש,,5,5,,True
3573,נווה צוף,מטה בנימין,5,5,5,True
553,ניר בנים,באר טוביה,5,7,7,True
3570,אריאל,,5,6,,True
542,ריינה,,5,3,,True
9300,זכרון יעקב,,5,8,,True
39,גפן,מטה יהודה,5,7,7,True
818,זרחיה,שפיר,5,5,5,True
771,מבוא ביתר,מטה יהודה,5,7,7,True
799,זכריה,מטה יהודה,5,7,7,True
620,משואות יצחק,שפיר,5,5,5,True
654,כפר קרע,,5,5,,True
791,משען,חוף אשקלון,5,7,7,True
2500,נשר,,5,7,,True
3795,רבבה,שומרון,5,6,6,True
1376,באר גנים,חוף אשקלון,5,7,7,True
541,ג'סר א-זרקא,,5,2,,True
3654,ברקן,שומרון,5,6,6,True
3746,קריית נטפים,שומרון,5,6,6,True
823,בר גיורא,מטה יהודה,5,7,7,True
637,ערערה,,5,4,,True
1323,בת הדר,חוף אשקלון,5,7,7,True
493,דייר ראפאת,מטה יהודה,5,,,True
699,ניר ישראל,חוף אשקלון,5,7,7,True
9800,בנימינה-גבעת עדה,,5,8,,True
2008,שדה יצחק,מנשה,5,7,7,True
825,נס הרים,מטה יהודה,5,7,7,True
649,מייסר,מנשה,5,7,7,True
648,מצר,מנשה,5,7,7,True
278,אושה,זבולון,5,5,5,True
274,כפר מנחם,יואב,5,8,8,True
726,הודייה,חוף אשקלון,5,7,7,True
7300,נצרת,,5,3,,True
566,גבעת שמש,מטה יהודה,5,,,True
1098,מרכז שפירא,שפיר,5,5,5,True
3616,מעלה אדומים,,5,6,,True
223,עין עירון,מנשה,5,7,7,True
859,כסלון,מטה יהודה,5,7,7,True
6800,קריית אתא,,5,6,,True
746,ברכיה,חוף אשקלון,5,7,7,True
617,ברקאי,מנשה,5,7,7,True
3793,אבני חפץ,שומרון,5,6,6,True
3640,קרני שומרון,,5,6,,True
622,עין צורים,שפיר,5,5,5,True
3763,גבע בנימין,מטה בנימין,5,5,5,True
344,מענית,מנשה,5,7,7,True
1254,נטף,מטה יהודה,5,7,7,True
800,בית חנניה,חוף הכרמל,5,8,8,True
189,כפר פינס,מנשה,5,7,7,True
692,שפיר,שפיר,5,5,5,True
3780,ביתר עילית,,5,2,,True
290,מעיין צבי,חוף הכרמל,5,8,8,True
1339,אל -עזי,יואב,5,8,8,True
850,אחיטוב,עמק חפר,5,8,8,True
351,ניצן,חוף אשקלון,5,7,7,True
787,גבעת יערים,מטה יהודה,5,7,7,True
715,להבות חביבה,מנשה,5,7,7,True
751,בית מאיר,מטה יהודה,5,7,7,True
377,המעפיל,עמק חפר,5,8,8,True
886,איתנים,מטה יהודה,5,,,True
680,אומץ,עמק חפר,5,8,8,True
1419,ניצן ב',חוף אשקלון,5,7,7,True
163,תימורים,באר טוביה,5,7,7,True
3744,ברוכין,שומרון,5,6,6,True
1167,קיסריה,חוף הכרמל,5,8,8,True
921,שער מנשה,מנשה,5,,,True
375,מגל,מנשה,5,7,7,True
819,אביגדור,באר טוביה,5,7,7,True
3768,פדואל,שומרון,5,6,6,True
139,עין שמר,מנשה,5,7,7,True
3787,נעלה,מטה בנימין,5,5,5,True
327,שדות ים,חוף הכרמל,5,8,8,True
359,ניצנים,חוף אשקלון,5,7,7,True
2003,תלמי אלעזר,מנשה,5,7,7,True
320,כפר ורבורג,באר טוביה,5,7,7,True
3727,עלי זהב,שומרון,5,6,6,True
734,גן יאשיה,עמק חפר,5,8,8,True
1020,אור עקיבא,,5,5,,True
2055,מאור,מנשה,5,7,7,True
107,כפר סילבר,חוף אשקלון,5,7,7,True
460,רמת רזיאל,מטה יהודה,5,7,7,True
783,אבן ספיר,מטה יהודה,5,7,7,True
213,משמרות,מנשה,5,7,7,True
1290,זמר,,5,4,,True
9600,קריית ים,,5,5,,True
6000,באקה אל-גרביה,,5,4,,True
3715,עלמון,מטה בנימין,5,5,5,True
567,צרעה,מטה יהודה,5,7,7,True
809,נחם,מטה יהודה,5,7,7,True
465,צובה,מטה יהודה,5,7,7,True
888,"כפר הרי""ף",יואב,5,8,8,True
628,ג'ת,,5,5,,True
2012,אורות,באר טוביה,5,7,7,True
593,ערוגות,באר טוביה,5,7,7,True
382,מכמורת,עמק חפר,5,8,8,True
3769,הר אדר,,5,9,,True
793,גבעתי,באר טוביה,5,7,7,True
2043,בחן,עמק חפר,5,8,8,True
778,תרום,מטה יהודה,5,7,7,True
3567,סלעית,שומרון,5,6,6,True
690,כפר אחים,באר טוביה,5,7,7,True
1034,קריית מלאכי,,5,3,,True
220,כפר ביאליק,זבולון,5,5,5,True
155,באר טוביה,באר טוביה,5,7,7,True
225,גן השומרון,מנשה,5,7,7,True
2011,ינון,באר טוביה,5,7,7,True
805,ישעי,מטה יהודה,5,7,7,True
1319,בת חפר,עמק חפר,5,8,8,True
7800,פרדס חנה-כרכור,,5,7,,True
1318,מבואות ים,עמק חפר,5,8,8,True
72,גן שמואל,מנשה,5,7,7,True
167,עין החורש,עמק חפר,5,8,8,True
406,חצור-אשדוד,באר טוביה,5,7,7,True
727,תלמי יחיאל,באר טוביה,5,7,7,True
779,עמינדב,מטה יהודה,5,7,7,True
3709,מבוא חורון,מטה בנימין,5,5,5,True
173,גבעת חיים (מאוחד),עמק חפר,5,8,8,True
1372,נצר חזני,נחל שורק,5,5,5,True
3575,בית חורון,מטה בנימין,5,5,5,True
752,תעוז,מטה יהודה,5,7,7,True
737,עולש,עמק חפר,5,8,8,True
186,נעורים,עמק חפר,5,8,8,True
456,שורש,מטה יהודה,5,7,7,True
756,בית עזרא,באר טוביה,5,7,7,True
816,זנוח,מטה יהודה,5,7,7,True
364,כפר אוריה,מטה יהודה,5,7,7,True
740,אשתאול,מטה יהודה,5,7,7,True
440,יסודות,נחל שורק,5,5,5,True
1259,נווה שלום,מטה יהודה,5,7,7,True
8200,קריית מוצקין,,5,7,,True
7100,אשקלון,,5,5,,True
1149,עזר,באר טוביה,5,7,7,True
3778,עץ אפרים,שומרון,5,6,6,True
564,רבדים,יואב,5,8,8,True
1157,אחווה,באר טוביה,5,7,7,True
3655,"ניל""י",מטה בנימין,5,5,5,True
205,חגלה,עמק חפר,5,8,8,True
742,מסילת ציון,מטה יהודה,5,7,7,True
817,עזריקם,באר טוביה,5,7,7,True
224,שושנת העמקים,עמק חפר,6,8,8,False
758,יד חנה,עמק חפר,5,8,8,True
405,נווה אילן,מטה יהודה,5,7,7,True
200,בית ינאי,עמק חפר,5,8,8,True
170,כפר יעבץ,לב השרון,5,8,8,True
837,עזריאל,לב השרון,5,8,8,True
776,מחסיה,מטה יהודה,5,7,7,True
772,אמונים,באר טוביה,5,7,7,True
827,נווה מבטח,באר טוביה,5,7,7,True
777,נחשון,מטה יהודה,5,7,7,True
2018,גבעת חיים (איחוד),עמק חפר,5,8,8,True
697,בארותיים,עמק חפר,5,8,8,True
577,יד בנימין,נחל שורק,6,5,5,True
286,מעלה החמישה,מטה יהודה,5,7,7,True
464,הראל,מטה יהודה,5,7,7,True
877,בית חירות,עמק חפר,5,8,8,True
1044,יעף,לב השרון,6,8,8,False
234,ביצרון,באר טוביה,6,7,7,False
9500,קריית ביאליק,,5,6,,True
588,בני ראם,נחל שורק,5,5,5,True
115,חופית,עמק חפר,5,8,8,True
41,אליכין,,6,7,,False
1043,גיזו,מטה יהודה,5,7,7,True
780,אורה,מטה יהודה,5,7,7,True
166,גן יבנה,,6,7,,False
2610,בית שמש,,5,2,,True
190,כפר ויתקין,עמק חפר,6,8,8,False
3730,גבעת זאב,,5,4,,True
741,שואבה,מטה יהודה,5,7,7,True
2033,בית חלקיה,נחל שורק,6,5,5,True
1134,יד השמונה,מטה יהודה,5,7,7,True
767,פורת,לב השרון,6,8,8,False
1371,גני טל,נחל שורק,6,5,5,True
3791,צופים,שומרון,6,6,6,False
514,עין ראפה,מטה יהודה,5,7,7,True
851,ניצני עוז,לב השרון,6,8,8,False
1056,"עין כרם-בי""ס חקלאי",מטה יהודה,6,7,7,False
3652,בית אריה-עופרים,,6,7,,False
3644,גבעון החדשה,מטה בנימין,5,5,5,True
796,צלפון,מטה יהודה,6,7,7,False
2006,כנות,באר טוביה,5,7,7,True
373,בית הלוי,עמק חפר,6,8,8,False
864,בקוע,מטה יהודה,6,7,7,False
700,חצב,באר טוביה,6,7,7,False
363,חפץ חיים,נחל שורק,6,5,5,True
423,העוגן,עמק חפר,6,8,8,False
462,טל שחר,מטה יהודה,6,7,7,False
3750,אלפי מנשה,,6,8,,False
563,משמר דוד,גזר,6,8,8,False
739,שדה עוזיהו,באר טוביה,6,7,7,False
1102,צוקי ים,עמק חפר,6,8,8,False
872,גאולי תימן,עמק חפר,6,8,8,False
425,משמרת,לב השרון,6,8,8,False
521,עין נקובא,מטה יהודה,6,7,7,False
698,בורגתה,עמק חפר,6,8,8,False
422,חרב לאת,עמק חפר,6,8,8,False
1148,צור נתן,דרום השרון,6,8,8,False
1072,גן הדרום,גדרות,6,9,9,False
217,"כפר הרא""ה",עמק חפר,6,8,8,False
78,קריית ענבים,מטה יהודה,6,7,7,False
1264,כרמי יוסף,גזר,6,8,8,False
219,חיבת ציון,עמק חפר,6,8,8,False
197,מעברות,עמק חפר,6,8,8,False
1066,"בני עי""ש",,6,5,,True
334,קבוצת יבנה,חבל יבנה,6,6,6,False
3560,אלקנה,,6,8,,False
204,אלישיב,עמק חפר,6,8,8,False
235,חבצלת השרון,עמק חפר,6,8,8,False
6500,חדרה,,6,6,,False
160,חולדה,גזר,6,8,8,False
3720,שערי תקווה,שומרון,6,6,6,False
1137,קריית יערים,,6,2,,True
252,ביתן אהרן,עמק חפר,6,8,8,False
857,כפר אביב,גדרות,6,9,9,False
672,בית נקופה,מטה יהודה,6,7,7,False
1077,גבעת שפירא,עמק חפר,6,8,8,False
638,קלנסווה,,6,3,,True
1141,מבוא מודיעים,חבל מודיעין,6,7,7,False
592,בני דרום,חבל יבנה,6,6,6,False
807,חניאל,עמק חפר,6,8,8,False
897,מדרשת רופין,עמק חפר,6,8,8,False
763,שתולים,באר טוביה,6,7,7,False
2010,כפר בן נון,גזר,6,8,8,False
472,אבו גוש,,6,3,,True
2039,קריית יערים (מוסד),מטה יהודה,6,7,7,False
1094,כרם יבנה (ישיבה),חבל יבנה,6,6,6,False
1361,בת חן,עמק חפר,6,8,8,False
753,ינוב,לב השרון,6,8,8,False
2002,תנובות,לב השרון,6,8,8,False
1144,ידידה,מטה יהודה,6,,,False
875,כפר עבודה,לב השרון,6,,,False
370,גזר,גזר,6,8,8,False
615,קדרון,ברנר,6,8,8,False
194,משמר השרון,עמק חפר,6,8,8,False
387,כפר מונש,עמק חפר,6,8,8,False
764,כפר מרדכי,גדרות,6,9,9,False
661,שער אפרים,לב השרון,6,8,8,False
685,בניה,ברנר,6,8,8,False
1224,כוכב יאיר,,6,9,,False
720,ניר גלים,חבל יבנה,6,6,6,False
193,כפר חיים,עמק חפר,6,8,8,False
3797,מודיעין עילית,,6,1,,True
187,כפר הס,לב השרון,6,8,8,False
856,שעלבים,גזר,6,8,8,False
848,בית רבן,חבל יבנה,6,6,6,False
379,גאולים,לב השרון,6,8,8,False
162,חירות,לב השרון,6,8,8,False
765,משגב דב,גדרות,6,9,9,False
3796,כפר האורנים,מטה בנימין,6,5,5,True
555,שדמה,גדרות,6,9,9,False
1333,נוף איילון,גזר,6,8,8,False
731,מישר,גדרות,6,9,9,False
597,פלמחים,גן רווה,6,8,8,False
838,פדיה,גזר,6,8,8,False
1345,צור יצחק,דרום השרון,6,8,8,False
4000,חיפה,,6,7,,False
591,עשרת,גדרות,6,9,9,False
3823,גני מודיעין,מטה בנימין,6,5,5,True
191,הדר עם,עמק חפר,6,8,8,False
880,עין שריד,לב השרון,6,8,8,False
839,פתחיה,גזר,6,8,8,False
2730,טייבה,,6,3,,True
233,כפר ידידיה,עמק חפר,6,8,8,False
2550,גדרה,,6,7,,False
710,בית זית,מטה יהודה,6,7,7,False
168,כפר יונה,,6,7,,False
1015,מבשרת ציון,,6,8,,False
670,משמר איילון,גזר,6,8,8,False
743,כפר שמואל,גזר,6,8,8,False
3760,אורנית,,6,8,,False
3770,חשמונאים,מטה בנימין,6,5,5,True
745,גמזו,חבל מודיעין,6,7,7,False
716,אייל,דרום השרון,6,8,8,False
276,צור משה,לב השרון,6,8,8,False
154,תל מונד,,6,9,,False
1236,נירית,דרום השרון,6,8,8,False
157,עין ורד,לב השרון,6,8,8,False
571,בית גמליאל,חבל יבנה,6,6,6,False
301,בית עוזיאל,גזר,6,8,8,False
171,פרדסייה,,6,9,,False
1050,בית חשמונאי,גזר,6,8,8,False
1310,לפיד,חבל מודיעין,6,7,7,False
707,כפר דניאל,חבל מודיעין,6,7,7,False
711,עזריה,גזר,6,8,8,False
195,קדימה-צורן,,6,8,,False
417,יקום,חוף השרון,6,8,8,False
446,אודים,חוף השרון,6,8,8,False
412,קריית שלמה,חוף השרון,6,,,False
1166,כפר רות,חבל מודיעין,6,7,7,False
760,בן זכאי,חבל יבנה,6,6,6,False
759,יציץ,גזר,6,8,8,False
175,אביחיל,עמק חפר,6,8,8,False
1315,מתן,דרום השרון,7,8,8,False
288,בית יהושע,חוף השרון,6,8,8,False
287,תל יצחק,חוף השרון,6,8,8,False
1165,שילת,חבל מודיעין,6,7,7,False
326,בית יצחק-שער חפר,עמק חפר,6,8,8,False
28,מזכרת בתיה,,6,8,,False
386,בני דרור,לב השרון,7,8,8,False
208,מוצא עילית,מטה יהודה,6,7,7,False
2720,טירה,,7,5,,True
562,בית אלעזרי,ברנר,6,8,8,False
1200,מודיעין-מכבים-רעות,,7,8,,False
64,"יד רמב""ם",גזר,7,8,8,False
447,נורדייה,לב השרון,6,8,8,False
1024,חרוצים,חוף השרון,7,8,8,False
718,ירחיב,דרום השרון,7,8,8,False
842,געש,חוף השרון,7,8,8,False
184,רמת הכובש,דרום השרון,6,8,8,False
549,גנות הדר,לב השרון,7,8,8,False
70,אשדוד,,7,5,,True
784,בית נחמיה,חבל מודיעין,7,7,7,False
862,גני יוחנן,גזר,6,8,8,False
1324,ארסוף,חוף השרון,7,8,8,False
182,אבן יהודה,,7,9,,False
808,ניר אליהו,דרום השרון,7,8,8,False
618,חדיד,חבל מודיעין,7,7,7,False
735,רמות מאיר,גזר,7,8,8,False
3648,מתתיהו,מטה בנימין,6,5,5,True
418,בני ציון,חוף השרון,7,8,8,False
1304,שוהם,,7,9,,False
127,רמת רחל,מטה יהודה,7,7,7,False
232,שפיים,חוף השרון,7,8,8,False
316,כפר נטר,חוף השרון,7,8,8,False
2660,יבנה,,7,7,,False
1103,גני הדר,גזר,7,8,8,False
604,בית עריף,חבל מודיעין,7,7,7,False
355,חורשים,דרום השרון,7,8,8,False
158,נען,גזר,7,8,8,False
633,כפר ברא,,7,4,,True
582,כפר הנגיד,גן רווה,7,8,8,False
802,"גבעת כ""ח",חבל מודיעין,7,7,7,False
88,כרם בן שמן,חבל מודיעין,7,,,False
804,אחיסמך,חבל מודיעין,7,7,7,False
853,גאליה,גן רווה,7,8,8,False
673,כפר טרומן,חבל מודיעין,7,7,7,False
284,שדה ורבורג,דרום השרון,7,8,8,False
2013,בן שמן (מושב),חבל מודיעין,7,7,7,False
634,כפר קאסם,,7,4,,True
1084,בן שמן (כפר נוער),חבל מודיעין,7,7,7,False
469,קריית עקרון,,7,5,,True
627,ג'לג'וליה,,7,3,,True
2038,ברקת,חבל מודיעין,7,7,7,False
663,טירת יהודה,חבל מודיעין,7,7,7,False
1076,בית ברל,דרום השרון,7,8,8,False
7400,נתניה,,7,6,,False
863,גינתון,חבל מודיעין,7,7,7,False
717,חגור,דרום השרון,7,8,8,False
1309,אלעד,,7,2,,True
389,בצרה,חוף השרון,7,8,8,False
247,רשפון,חוף השרון,7,8,8,False
757,מצליח,גזר,7,8,8,False
147,גבעת ברנר,ברנר,7,8,8,False
610,סתרייה,גזר,7,8,8,False
2015,שדי חמד,דרום השרון,7,8,8,False
828,ישרש,גזר,7,8,8,False
606,מזור,חבל מודיעין,7,7,7,False
798,יגל,עמק לוד,7,6,6,False
177,"כפר ביל""ו",גזר,7,8,8,False
686,נווה ימין,דרום השרון,7,8,8,False
198,צופית,דרום השרון,7,8,8,False
871,עינת,דרום השרון,7,8,8,False
797,אחיעזר,עמק לוד,7,6,6,False
788,זיתן,עמק לוד,7,6,6,False
616,רינתיה,חבל מודיעין,7,7,7,False
156,עיינות,גן רווה,7,8,8,False
267,כפר שמריהו,,7,10,,False
435,נצר סרני,גזר,8,8,8,False
1336,אירוס,גן רווה,7,8,8,False
705,נחשונים,דרום השרון,7,8,8,False
858,נווה ירק,דרום השרון,7,8,8,False
841,אלישמע,דרום השרון,7,8,8,False
2640,ראש העין,,7,7,,False
7000,לוד,,7,3,,True
257,נופך,חבל מודיעין,7,7,7,False
202,בית עובד,גן רווה,7,8,8,False
311,גן שורק,גן רווה,7,8,8,False
144,גן שלמה,ברנר,7,8,8,False
239,גן חיים,דרום השרון,7,8,8,False
159,בית חנן,גן רווה,8,8,8,False
8400,רחובות,,8,7,,False
206,רמות השבים,דרום השרון,8,8,8,False
207,"גבעת ח""ן",דרום השרון,8,8,8,False
450,בארות יצחק,חבל מודיעין,8,7,7,False
174,נטעים,גן רווה,8,8,8,False
722,מגשימים,דרום השרון,8,8,8,False
6900,כפר סבא,,8,8,,False
8500,רמלה,,8,4,,True
331,ניר צבי,עמק לוד,8,6,6,False
2035,עדנים,דרום השרון,8,8,8,False
696,"כפר חב""ד",עמק לוד,8,6,6,False
448,בני עטרות,חבל מודיעין,8,7,7,False
2530,באר יעקב,,8,7,,False
8700,רעננה,,8,8,,False
594,צפרייה,עמק לוד,8,6,6,False
249,כפר סירקין,דרום השרון,8,8,8,False
870,גבעת השלושה,דרום השרון,8,8,8,False
6400,הרצלייה,,8,8,,False
9700,הוד השרון,,8,9,,False
449,נחלים,חבל מודיעין,8,7,7,False
836,גנות,עמק לוד,8,6,6,False
7200,נס ציונה,,8,8,,False
346,גליל ים,חוף השרון,8,8,8,False
801,"חמ""ד",עמק לוד,8,6,6,False
9400,יהוד-מונוסון,,8,7,,False
98,"כפר מל""ל",דרום השרון,8,8,8,False
2650,רמת השרון,,8,9,,False
218,גני עם,דרום השרון,8,8,8,False
183,ירקונה,דרום השרון,8,8,8,False
466,בית דגן,,8,7,,False
2400,אור יהודה,,8,5,,True
196,גיבתון,ברנר,7,8,8,False
587,סביון,,8,10,,False
729,משמר השבעה,עמק לוד,8,6,6,False
6200,בת ים,,9,5,,True
565,אזור,,9,7,,False
8300,ראשון לציון,,9,7,,False
229,גני תקווה,,9,9,,False
230,מעש,דרום השרון,9,8,8,False
6600,חולון,,9,7,,False
7900,פתח תקווה,,9,7,,False
2620,קריית אונו,,9,9,,False
128,גת רימון,דרום השרון,9,8,8,False
3000,ירושלים,,9,2,,True
681,גבעת שמואל,,10,8,,False
6100,בני ברק,,10,2,,True
8600,רמת גן,,10,8,,False
5000,תל אביב -יפו,,10,8,,False
6300,גבעתיים,,10,9,,False
